Default Dataset,,Dataset 1,,Dataset 2,,Dataset 3,,Dataset 4,,Dataset 5,,Dataset 6,,Dataset 7,,Dataset 8,,Dataset 9,,Dataset 10,,Dataset 11,,Dataset 12,,Dataset 13,,Dataset 14,,Dataset 15,,Dataset 16,
X,Y,X,Y,X,Y,X,Y,X,Y,X,Y,X,Y,X,Y,X,Y,X,Y,X,Y,X,Y,X,Y,X,Y,X,Y,X,Y,X,Y
2.017877006,18.12489527,2.017877006,17.03702346,2.017877006,15.92600545,2.017877006,14.83813364,2.017877006,13.72711563,2.000317813,12.66239003,2.017877006,11.57451822,2.017877006,10.48664642,2.052995392,9.283043569,2.000317813,8.010002095,2.052995392,6.829545455,2.000317813,5.625942606,2.017877006,4.445485966,2.035436199,3.311321743,2.017877006,2.154011311,2.017877006,0.99670088,2.000317813,0.001413909
2.052995392,18.12489527,2.052995392,17.03702346,2.052995392,15.92600545,2.052995392,14.83813364,2.052995392,13.72711563,2.035436199,12.66239003,2.052995392,11.57451822,2.052995392,10.48664642,2.088113777,9.283043569,2.035436199,8.010002095,2.088113777,6.829545455,2.035436199,5.625942606,2.052995392,4.445485966,2.070554584,3.311321743,2.052995392,2.154011311,2.052995392,0.99670088,2.035436199,0.001413909
2.088113777,18.12489527,2.088113777,17.03702346,2.088113777,15.92600545,2.088113777,14.83813364,2.088113777,13.72711563,2.070554584,12.66239003,2.088113777,11.57451822,2.088113777,10.48664642,2.123232163,9.283043569,2.070554584,8.010002095,2.123232163,6.829545455,2.070554584,5.625942606,2.088113777,4.445485966,2.10567297,3.311321743,2.088113777,2.154011311,2.088113777,0.99670088,2.070554584,0.001413909
2.123232163,18.12489527,2.123232163,17.03702346,2.123232163,15.92600545,2.123232163,14.83813364,2.123232163,13.72711563,2.10567297,12.66239003,2.123232163,11.57451822,2.123232163,10.48664642,2.158350548,9.283043569,2.10567297,8.010002095,2.158350548,6.829545455,2.10567297,5.625942606,2.123232163,4.445485966,2.140791355,3.311321743,2.123232163,2.154011311,2.123232163,0.99670088,2.10567297,0.001413909
2.158350548,18.12489527,2.158350548,17.03702346,2.158350548,15.92600545,2.158350548,14.83813364,2.158350548,13.72711563,2.140791355,12.66239003,2.158350548,11.57451822,2.158350548,10.49243297,2.193468934,9.283043569,2.140791355,8.010002095,2.193468934,6.829545455,2.140791355,5.625942606,2.158350548,4.445485966,2.175909741,3.311321743,2.158350548,2.154011311,2.158350548,1.002487432,2.140791355,0.001413909
2.193468934,18.12489527,2.193468934,17.03702346,2.193468934,15.92600545,2.193468934,14.83813364,2.193468934,13.72711563,2.175909741,12.66239003,2.193468934,11.57451822,2.193468934,10.49243297,2.228587319,9.283043569,2.175909741,8.010002095,2.228587319,6.829545455,2.175909741,5.625942606,2.193468934,4.445485966,2.211028126,3.311321743,2.193468934,2.154011311,2.193468934,1.019847088,2.175909741,0.001413909
2.228587319,18.12489527,2.228587319,17.03702346,2.228587319,15.92600545,2.228587319,14.83813364,2.228587319,13.72711563,2.211028126,12.66239003,2.228587319,11.57451822,2.228587319,10.48664642,2.263705705,9.283043569,2.211028126,8.010002095,2.263705705,6.829545455,2.211028126,5.631729158,2.228587319,4.445485966,2.246146512,3.317108295,2.228587319,2.154011311,2.228587319,0.99670088,2.211028126,0.001413909
2.263705705,18.12489527,2.263705705,17.03702346,2.263705705,15.92600545,2.263705705,14.83813364,2.263705705,13.72711563,2.246146512,12.66239003,2.263705705,11.57451822,2.263705705,10.48664642,2.29882409,9.283043569,2.246146512,8.010002095,2.29882409,6.829545455,2.246146512,5.625942606,2.263705705,4.445485966,2.281264898,3.317108295,2.263705705,2.154011311,2.263705705,0.99670088,2.249073044,0.016844714
2.29882409,18.12489527,2.29882409,17.03702346,2.29882409,15.92600545,2.29882409,14.83813364,2.29882409,13.72711563,2.281264898,12.66239003,2.29882409,11.58030478,2.29882409,10.48664642,2.333942476,9.283043569,2.281264898,8.010002095,2.333942476,6.835332007,2.281264898,5.625942606,2.29882409,4.445485966,2.316383283,3.317108295,2.29882409,2.154011311,2.29882409,0.99670088,2.28419143,0.016844714
2.333942476,18.12489527,2.333942476,17.03702346,2.333942476,15.92600545,2.333942476,14.83813364,2.333942476,13.73290218,2.316383283,12.66239003,2.333942476,11.58030478,2.333942476,10.49243297,2.369060861,9.288830121,2.316383283,8.010002095,2.369060861,6.852691663,2.316383283,5.63751571,2.333942476,4.45705907,2.351501669,3.334467951,2.307603687,2.188730624,2.333942476,0.99670088,2.319309815,0.016844714
2.369060861,18.12489527,2.369060861,17.03702346,2.369060861,15.92600545,2.369060861,14.83813364,2.369060861,13.72711563,2.351501669,12.66239003,2.369060861,11.57451822,2.369060861,10.49821952,2.404179247,9.283043569,2.351501669,8.010002095,2.404179247,6.858478215,2.351501669,5.649088814,2.371987393,4.460916771,2.386620054,3.346041056,2.333942476,2.159797863,2.369060861,1.054566401,2.351501669,0.036133222
2.404179247,18.12489527,2.404179247,17.03702346,2.404179247,15.92600545,2.404179247,14.83813364,2.404179247,13.72711563,2.386620054,12.66239003,2.407105779,11.58994903,2.404179247,10.50979263,2.439297632,9.294616674,2.386620054,8.010002095,2.439297632,6.887410976,2.386620054,5.678021575,2.404179247,4.480205279,2.42173844,3.351827608,2.369060861,2.154011311,2.369060861,1.019847088,2.386620054,0.024560117
2.439297632,18.12489527,2.439297632,17.03702346,2.439297632,15.92600545,2.439297632,14.83813364,2.439297632,13.73290218,2.42173844,12.66239003,2.439297632,11.57451822,2.39539965,10.48664642,2.474416018,9.31197633,2.42173844,8.015788647,2.474416018,6.910557185,2.42173844,5.672235023,2.39539965,4.445485966,2.442224164,3.392333473,2.386620054,2.188730624,2.407105779,1.054566401,2.42173844,0.05927943
2.474416018,18.12489527,2.474416018,17.03702346,2.474416018,15.92600545,2.474416018,14.83813364,2.474416018,13.72711563,2.456856825,12.66239003,2.474416018,11.59766443,2.439297632,10.52715228,2.465636421,9.283043569,2.456856825,8.044721408,2.465636421,6.875837872,2.439297632,5.71852744,2.439297632,4.526497696,2.456856825,3.450198995,2.404179247,2.154011311,2.39539965,1.008273984,2.439297632,0.105571848
2.509534403,18.12489527,2.509534403,17.03702346,2.509534403,15.92600545,2.509534403,14.83813364,2.509534403,13.73868873,2.491975211,12.66239003,2.509534403,11.61502409,2.474416018,10.54451194,2.509534403,9.306189778,2.491975211,8.056294512,2.491975211,6.968422706,2.465636421,5.822685379,2.430518036,4.480205279,2.456856825,3.346041056,2.424664972,2.192588326,2.42173844,1.15872434,2.448077229,0.151864265
2.544652789,18.12489527,2.544652789,17.03702346,2.544652789,15.92600545,2.544652789,14.84392019,2.544652789,13.74447528,2.527093596,12.66817658,2.544652789,11.60345098,2.509534403,10.54451194,2.530020128,9.340909091,2.483195614,8.010002095,2.509534403,7.014715124,2.474416018,5.782179514,2.47734255,4.530355397,2.474416018,3.392333473,2.456856825,2.17715752,2.42173844,1.112431923,2.448077229,0.070852535
2.579771174,18.12489527,2.579771174,17.03702346,2.579771174,15.92600545,2.579771174,14.84392019,2.579771174,13.74447528,2.562211982,12.67974969,2.579771174,11.61502409,2.518314,10.59080436,2.562211982,9.39298806,2.530020128,8.118017735,2.527093596,6.962636154,2.465636421,5.741673649,2.465636421,4.480205279,2.491975211,3.484918307,2.47734255,2.235023041,2.430518036,1.054566401,2.474416018,0.105571848
2.61488956,18.12489527,2.61488956,17.03702346,2.61488956,15.92600545,2.61488956,14.84392019,2.61488956,13.74447528,2.597330367,12.67396313,2.588550771,11.65552995,2.544652789,10.55608504,2.553432385,9.340909091,2.518314,8.067867616,2.544652789,7.055220989,2.509534403,5.828471931,2.509534403,4.584363217,2.491975211,3.43862589,2.483195614,2.17715752,2.430518036,1.019847088,2.509534403,0.1113584
2.650007945,18.12489527,2.650007945,17.03702346,2.650007945,15.92600545,2.650007945,14.84970674,2.650007945,13.75604839,2.632448753,12.69132279,2.61488956,11.61502409,2.535873192,10.50979263,2.600256899,9.41806312,2.562211982,8.143092794,2.535873192,7.003142019,2.500754807,5.787966066,2.518314,4.642228739,2.509534403,3.577503142,2.509534403,2.362327189,2.456856825,1.147151236,2.527093596,0.232875995
2.685126331,18.12489527,2.685126331,17.03702346,2.685126331,15.9433651,2.685126331,14.8554933,2.685126331,13.76183494,2.667567138,12.69132279,2.632448753,11.65552995,2.582697706,10.59466206,2.632448753,9.502932551,2.553432385,8.091013825,2.562211982,7.142019271,2.527093596,5.926843318,2.544652789,4.763746334,2.509534403,3.531210725,2.500754807,2.304461667,2.456856825,1.106645371,2.527093596,0.186583578
2.720244716,18.12489527,2.720244716,17.03702346,2.720244716,15.92600545,2.720244716,14.84970674,2.720244716,13.75026183,2.702685524,12.714469,2.641228349,11.60923754,2.61488956,10.62552367,2.632448753,9.456640134,2.553432385,8.056294512,2.562211982,7.095726854,2.518314,5.868977796,2.535873192,4.711667365,2.527093596,3.618009007,2.500754807,2.25816925,2.47734255,1.193443653,2.527093596,0.14029116
2.755363102,18.12489527,2.755363102,17.03702346,2.755363102,15.92600545,2.755363102,14.84970674,2.758289634,13.74640413,2.737803909,12.73761521,2.667567138,11.69024927,2.635375285,10.68338919,2.650007945,9.433493925,2.579771174,8.229891077,2.579771174,7.188311688,2.544652789,6.031001257,2.535873192,4.676948052,2.518314,3.484918307,2.500754807,2.223449937,2.491975211,1.124005027,2.562211982,0.232875995
2.790481487,18.12489527,2.790481487,17.03702346,2.790481487,15.92600545,2.790481487,14.83813364,2.790481487,13.76762149,2.772922295,12.73182866,2.693905927,11.74811479,2.652934477,10.61395057,2.667567138,9.537651864,2.570991578,8.183598659,2.570991578,7.049434437,2.535873192,5.98470884,2.562211982,4.815825304,2.562211982,3.774245915,2.547579321,2.400904203,2.491975211,1.07771261,2.562211982,0.19237013
2.825599873,18.13068182,2.825599873,17.03702346,2.825599873,15.95493821,2.825599873,14.8554933,2.825599873,13.79655425,2.810967212,12.76654797,2.702685524,11.70760892,2.650007945,10.55608504,2.658787542,9.479786343,2.597330367,8.26461039,2.570991578,7.014715124,2.565138514,6.169878509,2.579771174,4.96627566,2.553432385,3.716380394,2.535873192,2.362327189,2.509534403,1.170297444,2.553432385,0.163437369
2.860718258,18.12489527,2.860718258,17.03702346,2.860718258,15.94915165,2.860718258,14.84970674,2.825599873,13.75604839,2.80804068,12.70868245,2.737803909,11.70182237,2.641228349,10.53293884,2.685126331,9.595517386,2.606109963,8.218317972,2.597330367,7.286683075,2.562211982,6.112012987,2.570991578,4.919983243,2.553432385,3.670087977,2.562211982,2.559069962,2.530020128,1.216589862,2.597330367,0.325460829
2.895836644,18.13068182,2.895836644,17.03702346,2.895836644,15.9433651,2.895836644,14.86127985,2.860718258,13.76762149,2.80804068,12.67396313,2.755363102,11.73654168,2.667567138,10.68338919,2.723171248,9.641809803,2.632448753,8.391914537,2.588550771,7.234604106,2.562211982,6.06572057,2.570991578,4.873690825,2.553432385,3.623795559,2.562211982,2.512777545,2.518314,1.124005027,2.588550771,0.267595308
2.930955029,18.12489527,2.930955029,17.04281001,2.930955029,15.9433651,2.930955029,14.86127985,2.878277451,13.79655425,2.843159066,12.74340176,2.772922295,11.68446271,2.676346734,10.64866988,2.71146512,9.60709049,2.632448753,8.351408672,2.588550771,7.153592375,2.597330367,6.285609552,2.597330367,5.04728739,2.600256899,3.832111437,2.562211982,2.466485128,2.518314,1.089285714,2.61488956,0.441191873
2.966073415,18.12489527,2.966073415,17.03702346,2.966073415,15.9433651,2.966073415,14.86127985,2.898763176,13.74640413,2.860718258,12.70868245,2.781701891,11.771261,2.702685524,10.72968161,2.755363102,9.653382907,2.623669156,8.299329703,2.61488956,7.37926791,2.597330367,6.239317134,2.597330367,5.006781525,2.597330367,3.780032468,2.579771174,2.425979263,2.535873192,1.15872434,2.606109963,0.383326351
3.0011918,18.12489527,3.0011918,17.03702346,3.0011918,15.94915165,3.0011918,14.89599916,2.930955029,13.76183494,2.878277451,12.73182866,2.790481487,11.72496858,2.702685524,10.68917574,2.746583505,9.595517386,2.667567138,8.484499372,2.606109963,7.32718894,2.597330367,6.198811269,2.632448753,5.186164642,2.588550771,3.739526602,2.570991578,2.385473398,2.565138514,1.378613322,2.650007945,0.545349811
3.036310186,18.12489527,3.036310186,17.03702346,3.036310186,15.92600545,3.0011918,14.8554933,2.966073415,13.77340804,2.913395837,12.75497486,2.825599873,11.771261,2.729024313,10.77597403,2.781701891,9.734394638,2.658787542,8.438206954,2.632448753,7.419773775,2.588550771,6.158305404,2.623669156,5.12829912,2.617816092,3.905407764,2.597330367,2.524350649,2.562211982,1.320747801,2.650007945,0.499057394
3.071428571,18.13068182,3.071428571,17.03702346,3.071428571,15.94915165,3.036310186,14.87285295,3.0011918,13.78498115,2.948514222,12.70868245,2.825599873,11.72496858,2.729024313,10.72968161,2.781701891,9.68810222,2.658787542,8.403487641,2.650007945,7.593370339,2.623669156,6.331901969,2.623669156,5.082006703,2.635375285,4.063573523,2.588550771,2.466485128,2.562211982,1.280241935,2.641228349,0.464338081
3.106546957,18.12489527,3.106546957,17.03702346,3.106546957,15.9433651,3.071428571,14.8554933,3.0011918,13.75026183,2.983632608,12.74340176,2.825599873,11.68446271,2.737803909,10.68338919,2.790481487,9.641809803,2.688052863,8.530791789,2.650007945,7.547077922,2.623669156,6.285609552,2.667567138,5.406053624,2.632448753,4.005708002,2.617816092,2.76738584,2.553432385,1.23973607,2.685126331,0.684227063
3.141665342,18.12489527,3.141665342,17.03702346,3.141665342,15.931792,3.106546957,14.8554933,3.036310186,13.75026183,2.974853011,12.70868245,2.834379469,11.86384583,2.758289634,10.64481218,2.790481487,9.595517386,2.720244716,8.58865731,2.641228349,7.512358609,2.623669156,6.239317134,2.667567138,5.359761207,2.632448753,3.965202137,2.61488956,2.709520318,2.579771174,1.448051948,2.685126331,0.637934646
3.176783728,18.12489527,3.176783728,17.03702346,3.176783728,15.9433651,3.141665342,14.87285295,3.071428571,13.76762149,3.018750993,12.714469,2.834379469,11.81755341,2.772922295,10.7065354,2.781701891,9.549224969,2.71146512,8.530791789,2.641228349,7.466066192,2.623669156,6.193024717,2.667567138,5.313468789,2.67049367,4.271889401,2.61488956,2.663227901,2.597330367,1.529063678,2.685126331,0.591642229
3.211902113,18.12489527,3.211902113,17.04281001,3.211902113,15.94915165,3.176783728,14.87285295,3.106546957,13.7791946,3.053869379,12.73182866,2.860718258,11.72496858,2.790481487,10.74125471,2.825599873,9.618663594,2.758289634,8.692815249,2.641228349,7.385054462,2.652934477,6.470779221,2.658787542,5.267176372,2.667567138,4.214023879,2.61488956,2.622722036,2.597330367,1.482771261,2.685126331,0.545349811
3.247020499,18.12489527,3.247020499,17.03702346,3.247020499,15.96072476,3.194342921,14.84970674,3.132885746,13.80812736,3.088987764,12.74340176,2.869497855,11.67867616,2.793408019,10.66024298,2.834379469,9.664956012,2.755363102,8.634949728,2.685126331,7.547077922,2.650007945,6.412913699,2.658787542,5.220883955,2.667567138,4.167731462,2.606109963,2.582216171,2.600256899,1.405617232,2.685126331,0.499057394
3.282138884,18.13068182,3.282138884,17.04281001,3.282138884,15.9433651,3.232387838,14.87285295,3.141665342,13.77340804,3.097767361,12.78969418,2.887057048,11.84069962,2.790481487,10.60237746,2.843159066,9.578157729,2.755363102,8.58865731,2.702685524,7.616516548,2.650007945,6.366621282,2.688052863,5.452346041,2.658787542,4.133012149,2.650007945,3.114578969,2.588550771,1.367040218,2.676346734,0.452764977
3.31725727,18.12489527,3.31725727,17.04859656,3.31725727,15.95493821,3.22068171,14.83813364,3.17971026,13.76569264,3.12410615,12.73182866,2.887057048,11.79440721,2.816820276,10.68338919,2.860718258,9.531865312,2.755363102,8.542364893,2.729024313,7.628089652,2.688052863,6.540217847,2.702685524,5.388693967,2.658787542,4.086719732,2.650007945,3.068286552,2.623669156,1.772098869,2.702685524,0.869396732
3.352375655,18.12489527,3.352375655,17.04281001,3.352375655,15.95493821,3.264579692,14.86127985,3.211902113,13.7791946,3.12410615,12.69132279,2.895836644,11.74811479,2.825599873,10.63709677,2.895836644,9.52607876,2.764142698,8.484499372,2.746583505,7.581797235,2.685126331,6.482352325,2.693905927,5.336614998,2.658787542,4.052000419,2.650007945,3.021994135,2.632448753,1.714233347,2.702685524,0.823104315
3.387494041,18.13068182,3.387494041,17.04281001,3.378714445,16.00701718,3.299698077,14.87285295,3.247020499,13.78498115,3.159224535,12.74340176,2.895836644,11.70760892,2.825599873,10.59080436,2.916322369,9.479786343,2.790481487,8.634949728,2.755363102,7.54129137,2.685126331,6.436059908,2.693905927,5.290322581,2.676346734,4.341328027,2.650007945,2.975701718,2.632448753,1.66794093,2.702685524,0.776811898
3.422612427,18.12489527,3.422612427,17.04859656,3.387494041,15.96072476,3.334816463,14.88442606,3.264579692,13.75026183,3.194342921,12.72025555,2.930955029,11.68446271,2.825599873,10.55029849,2.90461624,9.44506703,2.790481487,8.58865731,2.775848827,7.489212401,2.676346734,6.412913699,2.71146512,5.47549225,2.705612056,4.202450775,2.650007945,2.935195853,2.632448753,1.621648513,2.702685524,0.730519481
3.457730812,18.12489527,3.457730812,17.03702346,3.422612427,15.95493821,3.369934848,14.90757227,3.285065417,13.78498115,3.229461306,12.74340176,2.948514222,11.63238375,2.860718258,10.60237746,2.948514222,9.427707373,2.781701891,8.553937997,2.764142698,7.454493088,2.702685524,6.389767491,2.720244716,5.417626728,2.702685524,4.144585253,2.641228349,2.883116883,2.632448753,1.575356096,2.723171248,0.684227063
3.492849198,18.13646837,3.492849198,17.05438312,3.457730812,15.96072476,3.361155252,14.88442606,3.31725727,13.78498115,3.255800095,12.75497486,2.968999947,11.68253386,2.851938662,10.55608504,2.98655914,9.410347717,2.825599873,8.553937997,2.781701891,7.558651026,2.71146512,6.540217847,2.729024313,5.359761207,2.702685524,4.109865941,2.641228349,2.836824466,2.623669156,1.540636783,2.720244716,0.637934646
3.527967583,18.14804147,3.530894115,17.05245427,3.492849198,15.99544407,3.405053234,14.90178571,3.352375655,13.80812736,3.282138884,12.70868245,2.974853011,11.74811479,2.878277451,10.64866988,3.009971397,9.433493925,2.825599873,8.50764558,2.781701891,7.419773775,2.71146512,6.493925429,2.729024313,5.313468789,2.71146512,4.318181818,2.641228349,2.790532049,2.667567138,1.864683703,2.746583505,0.846250524
3.563085969,18.14804147,3.563085969,17.10067553,3.530894115,16.01087488,3.440171619,14.89599916,3.343596059,13.76183494,3.31725727,12.76654797,3.0011918,11.66710306,2.895836644,10.59080436,3.018750993,9.39298806,2.825599873,8.461353163,2.790481487,7.37926791,2.720244716,6.436059908,2.737803909,5.272962924,2.71146512,4.271889401,2.641228349,2.744239631,2.667567138,1.818391286,2.746583505,0.799958106
3.598204354,18.14804147,3.598204354,17.09488898,3.519187987,15.96072476,3.475290005,14.87863951,3.387494041,13.8023408,3.308477674,12.72025555,3.036310186,11.67867616,2.887057048,10.55608504,3.053869379,9.387201508,2.825599873,8.415060746,2.80804068,7.315615836,2.737803909,6.383980938,2.755363102,5.232457059,2.737803909,4.133012149,2.676346734,3.137725178,2.667567138,1.772098869,2.755363102,0.742092585
3.63332274,18.15382803,3.589424758,17.06016967,3.563085969,16.01859028,3.492849198,14.91914537,3.422612427,13.80812736,3.355302188,12.74725946,3.036310186,11.64395685,2.930955029,10.59080436,3.062648975,9.352482195,2.834379469,8.600230415,2.834379469,7.280896523,2.764142698,6.355048178,2.781701891,5.197737746,2.737803909,4.086719732,2.685126331,3.079859656,2.658787542,1.725806452,2.755363102,0.695800168
3.668441125,18.19433389,3.63332274,17.11803519,3.554306372,15.99544407,3.527967583,14.94229158,3.457730812,13.80812736,3.390420573,12.76654797,3.071428571,11.69024927,2.930955029,10.55608504,3.088987764,9.375628404,2.843159066,8.357195224,2.834379469,7.234604106,2.772922295,6.30875576,2.781701891,5.151445329,2.737803909,4.046213867,2.685126331,3.033567239,2.658787542,1.679514034,2.746583505,0.672653959
3.703559511,18.23483976,3.671367657,17.16432761,3.598204354,16.05909615,3.527967583,14.90178571,3.492849198,13.81970046,3.378714445,12.72025555,3.106546957,11.66710306,2.939734626,10.63709677,3.12410615,9.3640553,2.860718258,8.305116255,2.834379469,7.188311688,2.772922295,6.262463343,2.790481487,5.105152912,2.746583505,4.179304566,2.685126331,2.987274822,2.658787542,1.633221617,2.775848827,0.637934646
3.694779914,18.19433389,3.668441125,17.10646209,3.589424758,16.01859028,3.563085969,14.93071848,3.527967583,13.83127357,3.422612427,12.76076142,3.106546957,11.63238375,2.968999947,10.59080436,3.115326553,9.329335987,2.851938662,8.26461039,2.843159066,7.147805823,2.772922295,6.221957478,2.799261084,5.058860494,2.755363102,3.99992145,2.685126331,2.940982405,2.658787542,1.5869292,2.764142698,0.591642229
3.741604428,18.25605711,3.706486043,17.30320486,3.60698395,16.09960201,3.554306372,14.90757227,3.519187987,13.78498115,3.41383283,12.73182866,3.141665342,11.65552995,2.966073415,10.53872539,3.150444939,9.387201508,2.869497855,8.34562212,2.863644791,7.095726854,2.790481487,6.158305404,2.799261084,5.012568077,2.775848827,4.040427315,2.723171248,3.230310013,2.658787542,1.552209887,2.764142698,0.545349811
3.7298983,18.2174801,3.703559511,17.24533934,3.63332274,16.05330959,3.598204354,14.94807813,3.563085969,13.83706012,3.457730812,12.76076142,3.150444939,11.70182237,2.957293819,10.50979263,3.159224535,9.352482195,2.887057048,8.299329703,2.860718258,7.037861332,2.790481487,6.112012987,2.799261084,4.96627566,2.775848827,3.94784248,2.720244716,3.172444491,2.685126331,2.09614579,2.764142698,0.499057394
3.756237089,18.32163804,3.694779914,17.22219313,3.624543143,16.01859028,3.63332274,14.95965124,3.598204354,13.87756598,3.492849198,12.77233452,3.176783728,11.65552995,2.974853011,10.66024298,3.185563324,9.410347717,2.887057048,8.253037285,2.878277451,6.991568915,2.790481487,6.06572057,2.80804068,4.908410138,2.764142698,3.901550063,2.720244716,3.126152074,2.685126331,2.049853372,2.799261084,0.799958106
3.773796282,18.36793046,3.721118703,17.19326037,3.668441125,16.12274822,3.650881932,15.01751676,3.598204354,13.83706012,3.501628794,12.81284039,3.211902113,11.67288961,3.004118333,10.59080436,3.194342921,9.352482195,2.895836644,8.195171764,2.887057048,7.072580645,2.790481487,6.025214705,2.816820276,4.850544617,2.799261084,3.889976959,2.720244716,3.079859656,2.685126331,2.003560955,2.799261084,0.753665689
3.773796282,18.28113217,3.712339107,17.1527545,3.659661529,16.0764558,3.668441125,15.06959573,3.60698395,13.79655425,3.527967583,12.77812107,3.247020499,11.68446271,3.0011918,10.54451194,3.229461306,9.352482195,2.930955029,8.195171764,2.887057048,7.026288228,2.781701891,5.996281944,2.825599873,4.810038752,2.816820276,3.855257646,2.720244716,3.033567239,2.685126331,1.957268538,2.80804068,0.707373272
3.765016685,18.2290532,3.738677896,17.49994763,3.68892685,16.16904064,3.703559511,15.16218056,3.63332274,13.9122853,3.563085969,12.77233452,3.264579692,11.71339548,3.036310186,10.59080436,3.267506224,9.367913001,2.922175433,8.160452451,2.90461624,6.979995811,2.816820276,6.007855048,2.843159066,4.746386678,2.825599873,3.808965228,2.720244716,2.987274822,2.685126331,1.910976121,2.80804068,0.661080855
3.791355474,18.32742459,3.738677896,17.45365522,3.724045235,16.24233696,3.703559511,15.11588814,3.624543143,13.85441977,3.583571693,12.81284039,3.282138884,11.66131651,3.02753059,10.55608504,3.299698077,9.3640553,2.957293819,8.160452451,2.913395837,6.922130289,2.825599873,5.949989527,2.843159066,4.700094261,2.825599873,3.762672811,2.71146512,2.952555509,2.693905927,1.864683703,2.80804068,0.614788437
3.808914667,18.46051529,3.738677896,17.4073628,3.712339107,16.19218685,3.703559511,15.07538228,3.671367657,13.94700461,3.615763547,12.87070591,3.31725727,11.65552995,3.071428571,10.55608504,3.334816463,9.352482195,2.966073415,8.102586929,2.913395837,6.887410976,2.825599873,5.903697109,2.843159066,4.659588395,2.834379469,3.716380394,2.71146512,2.917836196,2.693905927,1.818391286,2.828526405,0.56849602
3.808914667,18.41422287,3.738677896,17.36107038,3.756237089,16.3310641,3.738677896,15.24319229,3.703559511,13.99908358,3.60698395,12.8475597,3.31725727,11.61502409,3.080208168,10.50979263,3.326036866,9.329335987,2.974853011,8.056294512,2.948514222,6.887410976,2.825599873,5.863191244,2.869497855,4.642228739,2.834379469,3.670087977,2.729024313,3.299748638,2.693905927,1.772098869,2.825599873,0.510630499
3.808914667,18.36793046,3.738677896,17.31477796,3.747457492,16.28477168,3.7298983,15.19689987,3.721118703,14.03958944,3.650881932,12.92857143,3.352375655,11.67867616,3.106546957,10.56765815,3.369934848,9.352482195,3.0011918,8.091013825,2.974853011,6.933703393,2.851938662,5.845831588,2.878277451,4.584363217,2.834379469,3.623795559,2.746583505,3.091432761,2.71146512,2.072999581,2.825599873,0.464338081
3.817694263,18.32163804,3.7298983,17.28005865,3.747457492,16.23847926,3.7298983,15.16218056,3.756237089,14.06273565,3.650881932,12.88227901,3.352375655,11.63238375,3.115326553,10.53293884,3.405053234,9.387201508,3.018750993,8.067867616,2.983632608,6.887410976,2.851938662,5.799539171,2.913395837,4.5380708,2.843159066,3.583289694,2.746583505,3.045140344,2.71146512,2.026707164,2.816820276,0.429618768
3.817694263,18.28691873,3.7298983,17.23376623,3.747457492,16.19218685,3.773796282,15.2663385,3.747457492,14.01644323,3.677220721,12.97486385,3.361155252,11.72496858,3.141665342,10.59080436,3.405053234,9.340909091,3.053869379,8.091013825,3.018750993,6.887410976,2.860718258,5.759033305,2.930955029,4.485991831,2.869497855,3.577503142,2.746583505,2.998847926,2.71146512,1.980414747,2.816820276,0.394899455
3.844033053,18.57624633,3.773796282,17.44208211,3.747457492,16.15746753,3.773796282,15.22004608,3.747457492,13.97015082,3.686000318,12.92278488,3.390420573,11.67867616,3.17971026,10.56765815,3.396273637,9.306189778,3.074355104,8.052436811,3.009971397,6.852691663,2.895836644,5.71852744,2.966073415,4.468632174,2.869497855,3.531210725,2.746583505,2.952555509,2.720244716,1.934122329,2.851938662,0.56849602
3.844033053,18.53574047,3.765016685,17.39578969,3.776722814,16.46994135,3.791355474,15.40521575,3.747457492,13.9354315,3.677220721,12.89385212,3.378714445,11.64395685,3.168004132,10.53293884,3.440171619,9.3640553,3.106546957,8.062081064,3.053869379,6.87005132,2.913395837,5.672235023,3.0011918,4.45705907,2.878277451,3.484918307,2.755363102,2.906263092,2.720244716,1.893616464,2.851938662,0.522203603
3.835253456,18.4836615,3.808914667,17.58674592,3.773796282,16.41786238,3.791355474,15.35892333,3.782575878,14.10902807,3.721118703,12.92857143,3.425538959,11.65938766,3.211902113,10.56765815,3.448951216,9.317762882,3.097767361,8.033148303,3.088987764,6.858478215,2.948514222,5.649088814,3.036310186,4.451272518,2.869497855,3.450198995,2.775848827,2.859970674,2.737803909,1.841537495,2.860718258,0.464338081
3.879151438,18.69197738,3.800135071,17.53466695,3.765016685,16.37735651,3.782575878,15.31263092,3.782575878,14.07430876,3.756237089,12.95171764,3.41383283,11.60923754,3.229461306,10.61395057,3.475290005,9.375628404,3.141665342,8.062081064,3.12410615,6.852691663,2.983632608,5.649088814,3.071428571,4.445485966,2.90461624,3.461772099,2.772922295,2.807891705,2.737803909,1.795245078,2.860718258,0.418045664
3.879151438,18.65147151,3.800135071,17.48837453,3.782575878,16.53937997,3.817694263,15.45150817,3.800135071,14.31734395,3.747457492,12.91699832,3.448951216,11.67867616,3.247020499,10.56765815,3.466510408,9.352482195,3.176783728,8.056294512,3.144591875,6.887410976,2.992412204,5.683808127,3.106546957,4.445485966,2.913395837,3.403906577,2.764142698,2.76738584,2.737803909,1.74895266,2.860718258,0.371753247
3.870371842,18.59939254,3.800135071,17.45365522,3.808914667,16.46994135,3.82647386,15.40521575,3.800135071,14.27105153,3.776722814,12.99801005,3.475290005,11.71918203,3.247020499,10.52715228,3.51040839,9.358268747,3.211902113,8.062081064,3.159224535,6.829545455,3.018750993,5.649088814,3.141665342,4.445485966,2.913395837,3.363400712,2.764142698,2.732666527,2.737803909,1.702660243,2.860718258,0.331247382
3.870371842,18.55310013,3.82647386,17.62725178,3.808914667,16.42364893,3.844033053,15.34735023,3.808914667,14.22475911,3.782575878,12.92857143,3.51040839,11.74811479,3.285065417,10.56765815,3.536747179,9.433493925,3.247020499,8.044721408,3.194342921,6.846905111,3.056795911,5.641373412,3.176783728,4.445485966,2.90461624,3.334467951,2.781701891,2.9294093,2.737803909,1.656367826,2.887057048,0.452764977
3.914269824,18.66883117,3.844033053,17.6735442,3.800135071,16.37735651,3.88207797,15.45150817,3.808914667,14.17846669,3.782575878,12.89385212,3.51040839,11.70760892,3.282138884,10.51557918,3.545526776,9.375628404,3.282138884,8.044721408,3.229461306,6.852691663,3.088987764,5.643302262,3.211902113,4.445485966,2.951440754,3.392333473,2.799261084,2.883116883,2.737803909,1.615861961,2.887057048,0.40647256
3.905490227,18.63411186,3.835253456,17.58095936,3.829400392,16.51623377,3.879151438,15.39364265,3.808914667,14.13796083,3.811841199,13.09445259,3.536747179,11.84069962,3.31725727,10.55608504,3.536747179,9.352482195,3.31725727,8.044721408,3.264579692,6.852691663,3.12410615,5.631729158,3.247020499,4.445485966,2.939734626,3.346041056,2.799261084,2.836824466,2.755363102,1.934122329,2.887057048,0.360180142
3.931829016,18.72669669,3.864518777,17.71983661,3.846959585,16.45065284,3.870371842,15.35892333,3.817694263,14.09745496,3.800135071,13.04430247,3.536747179,11.79440721,3.352375655,10.55608504,3.583571693,9.367913001,3.326036866,8.091013825,3.299698077,6.841118559,3.159224535,5.631729158,3.282138884,4.445485966,2.939734626,3.311321743,2.799261084,2.790532049,2.755363102,1.887829912,2.895836644,0.302314621
3.949388209,18.87714705,3.861592245,17.64461144,3.864518777,16.6088186,3.870371842,15.31263092,3.844033053,14.27105153,3.844033053,13.07323523,3.536747179,11.74811479,3.378714445,10.59080436,3.615763547,9.387201508,3.352375655,8.044721408,3.334816463,6.846905111,3.194342921,5.63751571,3.31725727,4.445485966,2.983632608,3.340254504,2.80804068,2.732666527,2.772922295,1.841537495,2.916322369,0.244449099
3.949388209,18.83085463,3.887931034,17.78927524,3.861592245,16.55095308,3.914269824,15.42836196,3.844033053,14.22475911,3.861592245,13.03272937,3.545526776,11.69024927,3.387494041,10.54451194,3.63332274,9.421920821,3.387494041,8.038934855,3.369934848,6.846905111,3.229461306,5.625942606,3.352375655,4.445485966,3.018750993,3.334467951,2.80804068,2.68637411,2.772922295,1.795245078,2.913395837,0.186583578
3.949388209,18.79034876,3.896710631,17.74298282,3.861592245,16.50466066,3.914269824,15.38206954,3.844033053,14.17846669,3.887931034,13.1137411,3.580645161,11.68446271,3.425538959,10.56765815,3.650881932,9.375628404,3.425538959,8.052436811,3.405053234,6.864264767,3.264579692,5.643302262,3.387494041,4.445485966,3.009971397,3.311321743,2.799261084,2.663227901,2.772922295,1.74895266,2.913395837,0.14029116
3.958167805,18.92343946,3.896710631,17.69669041,3.870371842,16.44679514,3.905490227,15.34735023,3.844033053,14.13796083,3.896710631,13.06166213,3.571865565,11.64395685,3.41383283,10.53293884,3.659661529,9.456640134,3.460657344,8.044721408,3.440171619,6.841118559,3.299698077,5.625942606,3.422612427,4.445485966,3.053869379,3.322894847,2.834379469,2.674801005,2.772922295,1.702660243,2.939734626,0.290741517
3.984506595,18.87714705,3.887931034,17.66197109,3.896710631,16.62039171,3.92304942,15.47465438,3.852812649,14.09745496,3.931829016,13.03272937,3.598204354,11.771261,3.431392023,10.49821952,3.668441125,9.398774612,3.448951216,8.010002095,3.475290005,6.852691663,3.334816463,5.625942606,3.457730812,4.445485966,3.088987764,3.317108295,2.834379469,2.628508588,2.772922295,1.656367826,2.948514222,0.232875995
3.984506595,18.83085463,3.931829016,17.75455593,3.896710631,16.57409929,3.940608613,15.35892333,3.879151438,14.25369187,3.949388209,12.96329074,3.598204354,11.72496858,3.457730812,10.60237746,3.686000318,9.3640553,3.492849198,8.085227273,3.51040839,6.87005132,3.369934848,5.625942606,3.492849198,4.445485966,3.12410615,3.311321743,2.834379469,2.582216171,2.772922295,1.615861961,2.948514222,0.186583578
3.984506595,18.78456221,3.931829016,17.70826351,3.914269824,16.51623377,3.949388209,15.30105781,3.870371842,14.2016129,3.940608613,12.94014453,3.60698395,11.67867616,3.457730812,10.55608504,3.703559511,9.410347717,3.484069601,8.056294512,3.545526776,6.852691663,3.405053234,5.631729158,3.527967583,4.451272518,3.159224535,3.311321743,2.834379469,2.535923754,2.764142698,1.563782991,2.939734626,0.163437369
3.984506595,18.74405635,3.931829016,17.66197109,3.914269824,16.46994135,3.984506595,15.31263092,3.870371842,14.16689359,3.987433127,12.95557534,3.63332274,11.7828341,3.448951216,10.53293884,3.724045235,9.371770702,3.527967583,8.067867616,3.580645161,6.852691663,3.440171619,5.643302262,3.563085969,4.445485966,3.194342921,3.317108295,2.843159066,2.495417889,2.764142698,1.517490574,2.966073415,0.128718056
4.00499232,18.92343946,3.931829016,17.62146523,3.914269824,16.42364893,3.993286191,15.45150817,3.899637163,14.29419774,3.993286191,13.02115626,3.63332274,11.73654168,3.492849198,10.59080436,3.756237089,9.433493925,3.519187987,8.021575199,3.615763547,6.864264767,3.478216537,5.641373412,3.598204354,4.445485966,3.229461306,3.317108295,2.863644791,2.443338919,2.781701891,1.934122329,2.983632608,0.070852535
4.010845384,18.85400084,3.966947402,17.69669041,3.92304942,16.6088186,3.993286191,15.40521575,3.914269824,14.23054566,4.010845384,12.92857143,3.659661529,11.81755341,3.530894115,10.59080436,3.756237089,9.39298806,3.563085969,8.073654168,3.650881932,6.841118559,3.51040839,5.631729158,3.63332274,4.445485966,3.264579692,3.311321743,2.860718258,2.385473398,2.781701891,1.887829912,3.021677525,0.036133222
4.01962498,18.79613532,3.958167805,17.65039799,3.92304942,16.56252618,3.993286191,15.35892333,3.934755548,14.1823244,4.010845384,12.88227901,3.668441125,11.771261,3.545526776,10.64866988,3.791355474,9.416134269,3.598204354,8.067867616,3.686000318,6.852691663,3.545526776,5.643302262,3.668441125,4.445485966,3.299698077,3.311321743,2.887057048,2.373900293,2.799261084,1.841537495,3.053869379,0.012987013
4.010845384,18.77298911,3.958167805,17.60410557,3.931829016,16.38892962,4.010845384,15.28948471,3.966947402,14.2016129,4.01962498,12.84177315,3.668441125,11.73075513,3.536747179,10.53293884,3.829400392,9.414205418,3.615763547,8.027361751,3.724045235,6.848833962,3.580645161,5.63751571,3.703559511,4.445485966,3.334816463,3.311321743,2.887057048,2.327607876,2.799261084,1.795245078,3.071428571,0.047706326
4.037184173,18.73826979,3.984506595,17.78927524,3.952314741,16.51623377,4.01962498,15.24897884,3.966947402,14.16110704,4.040110705,12.78969418,3.659661529,11.69024927,3.563085969,10.60237746,3.852812649,9.433493925,3.63332274,8.067867616,3.756237089,6.846905111,3.615763547,5.625942606,3.738677896,4.445485966,3.369934848,3.311321743,2.895836644,2.287102011,2.799261084,1.74895266,3.088987764,0.007200461
4.045963769,18.78456221,3.984506595,17.74298282,3.949388209,16.45836824,4.040110705,15.19689987,3.984506595,14.10902807,4.054743366,12.8591328,3.703559511,11.7828341,3.601130886,10.61780827,3.861592245,9.39298806,3.668441125,8.056294512,3.791355474,6.852691663,3.650881932,5.631729158,3.773796282,4.445485966,3.405053234,3.311321743,2.916322369,2.235023041,2.799261084,1.702660243,3.12410615,0.001413909
4.057669898,18.69197738,3.993286191,17.69669041,3.949388209,16.41786238,4.037184173,15.13903435,3.984506595,14.07430876,4.072302558,12.81862694,3.712339107,11.86384583,3.63332274,10.61395057,3.896710631,9.398774612,3.686000318,8.102586929,3.82647386,6.852691663,3.686000318,5.63751571,3.808914667,4.445485966,3.440171619,3.317108295,2.913395837,2.17715752,2.799261084,1.656367826,3.159224535,0.001413909
4.054743366,18.63411186,4.002065787,17.63882488,3.958167805,16.58567239,4.028404577,15.11588814,3.993286191,14.2016129,4.081082155,12.8591328,3.721118703,11.81755341,3.624543143,10.57923125,3.914269824,9.44506703,3.703559511,8.067867616,3.864518777,6.868122469,3.721118703,5.63751571,3.844033053,4.445485966,3.475290005,3.311321743,2.939734626,2.25816925,2.799261084,1.610075408,3.194342921,0.001413909
4.075229091,18.57624633,4.002065787,17.59253247,3.975726998,16.53937997,4.045963769,15.2663385,4.002065787,14.14374738,4.107420944,12.78969418,3.738677896,11.7828341,3.650881932,10.66024298,3.934755548,9.387201508,3.738677896,8.067867616,3.896710631,6.858478215,3.756237089,5.625942606,3.879151438,4.445485966,3.51040839,3.311321743,2.948514222,2.211876833,2.799261084,1.563782991,3.229461306,0.001413909
4.072302558,18.51838081,4.002065787,17.54624005,3.984506595,16.49308756,4.054743366,15.09274194,4.01962498,14.08588186,4.124980137,12.74918831,3.759163621,11.84455732,3.659661529,10.79912023,3.966947402,9.3640553,3.738677896,8.027361751,3.931829016,6.835332007,3.791355474,5.625942606,3.914269824,4.445485966,3.545526776,3.311321743,2.968999947,2.173299818,2.799261084,1.517490574,3.264579692,0.001413909
4.063522962,18.4952346,4.002065787,17.49994763,3.984506595,16.44679514,4.063522962,15.15060746,4.037184173,14.04537599,4.160098522,12.72025555,3.791355474,11.91013825,3.659661529,10.75282782,4.002065787,9.358268747,3.765016685,8.091013825,3.966947402,6.841118559,3.82647386,5.643302262,3.949388209,4.445485966,3.580645161,3.311321743,3.0011918,2.165584416,2.80804068,1.476984709,3.299698077,-0.004372643
4.081082155,18.69197738,4.002065787,17.45365522,3.984506595,16.40050272,4.081082155,15.08116883,4.054743366,14.13217428,4.151318926,12.68553624,3.791355474,11.86384583,3.659661529,10.7065354,4.037184173,9.352482195,3.773796282,8.044721408,4.002065787,6.835332007,3.861592245,5.631729158,3.984506595,4.445485966,3.615763547,3.311321743,3.036310186,2.154011311,2.825599873,1.442265396,3.334816463,0.001413909
4.089861751,18.64568496,3.993286191,17.43050901,3.984506595,16.35999686,4.089861751,15.02330331,4.054743366,14.08588186,4.195216908,12.70868245,3.782575878,11.81755341,3.671367657,10.61395057,4.072302558,9.317762882,3.782575878,8.010002095,4.037184173,6.829545455,3.896710631,5.631729158,4.01962498,4.445485966,3.650881932,3.317108295,3.071428571,2.159797863,2.834379469,1.494344365,3.369934848,0.001413909
4.107420944,18.58781944,4.010845384,17.39578969,4.002065787,16.31370444,4.089861751,14.97701089,4.054743366,13.99329703,4.186437311,12.68553624,3.782575878,11.771261,3.703559511,10.7065354,4.107420944,9.323549434,3.808914667,8.044721408,4.072302558,6.829545455,3.931829016,5.631729158,4.054743366,4.445485966,3.686000318,3.311321743,3.106546957,2.159797863,2.834379469,1.401759531,3.405053234,0.001413909
4.124980137,18.53574047,4.028404577,17.60410557,4.022551512,16.40050272,4.11620054,15.05802262,4.054743366,13.94700461,4.230335293,12.67974969,3.817694263,11.91013825,3.703559511,10.66024298,4.142539329,9.300403226,3.844033053,8.067867616,4.107420944,6.829545455,3.966947402,5.625942606,4.089861751,4.445485966,3.721118703,3.311321743,3.141665342,2.159797863,2.843159066,1.355467114,3.440171619,0.001413909
4.151318926,18.52995392,4.028404577,17.55781315,4.01962498,16.3426372,4.11620054,15.01173021,4.063522962,14.03958944,4.265453679,12.66817658,3.82647386,11.86384583,3.703559511,10.61395057,4.177657715,9.294616674,3.879151438,8.044721408,4.142539329,6.829545455,4.002065787,5.625942606,4.124980137,4.445485966,3.756237089,3.311321743,3.176783728,2.159797863,2.843159066,1.309174696,3.475290005,-0.004372643
4.160098522,18.48944805,4.028404577,17.51152074,4.01962498,16.27319858,4.124980137,14.97122434,4.075229091,13.90456989,4.300572064,12.66239003,3.861592245,11.93328446,3.712339107,10.56765815,4.2127761,9.283043569,3.914269824,8.033148303,4.177657715,6.829545455,4.037184173,5.625942606,4.160098522,4.445485966,3.791355474,3.311321743,3.211902113,2.159797863,2.843159066,1.268668831,3.51040839,0.001413909
4.177657715,18.44315563,4.037184173,17.46522832,4.028404577,16.46994135,4.160098522,14.93650503,4.063522962,13.85441977,4.33569045,12.66239003,3.861592245,11.89277859,3.741604428,10.66410068,4.247894486,9.283043569,3.949388209,8.033148303,4.2127761,6.829545455,4.072302558,5.625942606,4.195216908,4.445485966,3.82647386,3.311321743,3.247020499,2.154011311,2.860718258,1.216589862,3.545526776,0.001413909
4.186437311,18.39107667,4.037184173,17.43050901,4.045963769,16.37735651,4.186437311,14.91914537,4.089861751,13.97015082,4.370808835,12.66239003,3.887931034,11.95643067,3.7298983,10.62552367,4.283012871,9.283043569,3.987433127,8.044721408,4.247894486,6.829545455,4.107420944,5.625942606,4.230335293,4.445485966,3.861592245,3.311321743,3.282138884,2.154011311,2.860718258,1.170297444,3.580645161,-0.004372643
4.186437311,18.35635735,4.072302558,17.49994763,4.045963769,16.3310641,4.195216908,14.87863951,4.098641348,13.9238584,4.405927221,12.66239003,3.887931034,11.91013825,3.773796282,10.75282782,4.318131257,9.283043569,4.010845384,8.044721408,4.283012871,6.829545455,4.142539329,5.625942606,4.265453679,4.445485966,3.896710631,3.311321743,3.31725727,2.159797863,2.860718258,1.124005027,3.615763547,0.001413909
4.203996504,18.32163804,4.072302558,17.45365522,4.054743366,16.28477168,4.230335293,14.86127985,4.107420944,13.86599288,4.441045606,12.66239003,3.896710631,11.85227273,3.773796282,10.7065354,4.353249642,9.283043569,4.01962498,8.010002095,4.318131257,6.829545455,4.177657715,5.625942606,4.300572064,4.445485966,3.931829016,3.311321743,3.352375655,2.154011311,2.869497855,1.089285714,3.650881932,0.001413909
4.2127761,18.28113217,4.072302558,17.4073628,4.054743366,16.23847926,4.221555697,14.83813364,4.145465862,13.83513127,4.476163992,12.66239003,3.896710631,11.80598031,3.773796282,10.66024298,4.388368028,9.283043569,4.054743366,8.010002095,4.353249642,6.829545455,4.2127761,5.625942606,4.33569045,4.445485966,3.966947402,3.311321743,3.387494041,2.154011311,2.887057048,1.262882279,3.686000318,-0.004372643
4.230335293,18.23483976,4.063522962,17.38421659,4.081082155,16.35421031,4.265453679,14.86127985,4.168878119,13.83127357,4.511282377,12.66239003,3.887931034,11.7828341,3.773796282,10.61395057,4.423486413,9.283043569,4.089861751,8.010002095,4.388368028,6.829545455,4.247894486,5.625942606,4.370808835,4.445485966,4.002065787,3.311321743,3.422612427,2.154011311,2.895836644,1.205016757,3.721118703,0.001413909
4.256674082,18.25219941,4.081082155,17.34949728,4.081082155,16.30791789,4.300572064,14.84970674,4.177657715,13.7907677,4.546400763,12.66239003,3.905490227,11.74811479,3.782575878,10.79912023,4.458604799,9.283043569,4.124980137,8.010002095,4.423486413,6.829545455,4.283012871,5.625942606,4.405927221,4.445485966,4.037184173,3.311321743,3.457730812,2.154011311,2.895836644,1.15872434,3.756237089,-0.004372643
4.265453679,18.21169355,4.081082155,17.30320486,4.081082155,16.26162547,4.33569045,14.83813364,4.2127761,13.76762149,4.581519148,12.66239003,3.92304942,11.93328446,3.808914667,10.72968161,4.493723184,9.283043569,4.160098522,8.010002095,4.458604799,6.829545455,4.318131257,5.625942606,4.441045606,4.445485966,4.072302558,3.311321743,3.492849198,2.154011311,2.913395837,1.100858819,3.791355474,0.001413909
4.283012871,18.16540113,4.089861751,17.26269899,4.089861751,16.21533305,4.370808835,14.83813364,4.23911489,13.80812736,4.616637534,12.66239003,3.931829016,11.87541894,3.808914667,10.68338919,4.52884157,9.283043569,4.195216908,8.010002095,4.493723184,6.829545455,4.353249642,5.625942606,4.476163992,4.445485966,4.107420944,3.311321743,3.527967583,2.159797863,2.913395837,1.060352953,3.82647386,-0.004372643
4.318131257,18.15961458,4.124980137,17.23955279,4.089861751,16.17482719,4.405927221,14.83813364,4.247894486,13.76183494,4.651755919,12.66239003,3.931829016,11.83491307,3.808914667,10.63709677,4.563959956,9.283043569,4.230335293,8.010002095,4.52884157,6.829545455,4.388368028,5.625942606,4.511282377,4.445485966,4.142539329,3.311321743,3.563085969,2.159797863,2.90461624,1.008273984,3.861592245,0.001413909
4.326910853,18.12489527,4.133759733,17.28005865,4.107420944,16.12274822,4.441045606,14.83813364,4.283012871,13.73868873,4.686874305,12.66239003,3.92304942,11.80598031,3.844033053,10.75282782,4.599078341,9.283043569,4.265453679,8.010002095,4.563959956,6.829545455,4.423486413,5.625942606,4.546400763,4.445485966,4.177657715,3.311321743,3.598204354,2.154011311,2.939734626,1.07771261,3.896710631,-0.004372643
4.353249642,18.15382803,4.142539329,17.17590071,4.124980137,16.0764558,4.476163992,14.83813364,4.318131257,13.72711563,,,3.958167805,11.86384583,3.844033053,10.7065354,4.634196727,9.283043569,4.300572064,8.010002095,4.599078341,6.829545455,4.458604799,5.625942606,4.581519148,4.445485966,4.2127761,3.311321743,3.63332274,2.154011311,2.948514222,1.037206745,3.931829016,-0.004372643
4.388368028,18.13646837,4.160098522,17.12382174,4.124980137,16.04173649,4.511282377,14.83813364,4.353249642,13.72711563,,,3.966947402,11.80598031,3.879151438,10.6949623,4.669315112,9.283043569,4.33569045,8.010002095,4.634196727,6.829545455,4.493723184,5.625942606,4.616637534,4.445485966,4.247894486,3.311321743,3.668441125,2.154011311,2.983632608,1.002487432,3.966947402,0.001413909
4.423486413,18.12489527,4.177657715,17.07752933,4.151318926,16.14589443,4.546400763,14.83813364,4.388368028,13.72711563,,,3.966947402,11.75968789,3.896710631,10.65445643,,,4.370808835,8.010002095,4.669315112,6.829545455,4.52884157,5.625942606,4.651755919,4.445485966,4.283012871,3.311321743,3.703559511,2.154011311,3.018750993,1.031420193,4.002065787,-0.004372643
4.458604799,18.12489527,4.195216908,17.10646209,4.151318926,16.09960201,4.581519148,14.83813364,4.423486413,13.72711563,,,3.966947402,11.71918203,3.914269824,10.61973712,,,4.405927221,8.010002095,4.695653901,6.829545455,4.563959956,5.625942606,4.678094708,4.445485966,4.318131257,3.311321743,3.738677896,2.154011311,3.036310186,1.002487432,4.037184173,0.001413909
4.493723184,18.12489527,4.2127761,17.07174277,4.160098522,16.05330959,4.616637534,14.83813364,4.458604799,13.72711563,,,3.958167805,11.67867616,3.905490227,10.57923125,,,4.441045606,8.010002095,,,4.599078341,5.625942606,,,4.353249642,3.311321743,3.773796282,2.154011311,3.056795911,1.054566401,4.072302558,0.001413909
4.52884157,18.12489527,4.23911489,17.07174277,4.177657715,16.00701718,4.651755919,14.83813364,4.493723184,13.72711563,,,4.00499232,11.84069962,3.931829016,10.7065354,,,4.476163992,8.010002095,,,4.634196727,5.625942606,,,4.388368028,3.311321743,3.808914667,2.154011311,3.088987764,1.031420193,4.107420944,0.001413909
4.563959956,18.12489527,4.247894486,17.03702346,4.177657715,15.96651131,4.686874305,14.83813364,4.52884157,13.72711563,,,3.993286191,11.80598031,3.931829016,10.66602953,,,4.511282377,8.010002095,,,,,,,4.423486413,3.311321743,3.844033053,2.154011311,3.080208168,0.99670088,4.142539329,0.001413909
4.599078341,18.12489527,4.283012871,17.03702346,4.2127761,15.97808442,,,4.563959956,13.72711563,,,4.010845384,11.91013825,3.966947402,10.6949623,,,4.546400763,8.010002095,,,,,,,4.458604799,3.311321743,3.879151438,2.159797863,3.12410615,0.99670088,4.177657715,0.001413909
4.634196727,18.12489527,4.318131257,17.04281001,4.247894486,15.96072476,,,4.599078341,13.72711563,,,4.01962498,11.75968789,4.002065787,10.6949623,,,4.581519148,8.010002095,,,,,,,4.493723184,3.311321743,3.914269824,2.154011311,3.159224535,1.002487432,4.2127761,0.001413909
4.669315112,18.12489527,4.353249642,17.03702346,4.283012871,15.94915165,,,4.634196727,13.72711563,,,4.01962498,11.71339548,4.01962498,10.64288333,,,4.616637534,8.010002095,,,,,,,4.52884157,3.311321743,3.949388209,2.154011311,3.194342921,1.031420193,4.247894486,0.001413909
,,4.388368028,17.04859656,4.318131257,15.931792,,,4.669315112,13.72711563,,,4.010845384,11.67867616,4.037184173,10.60816401,,,4.651755919,8.010002095,,,,,,,4.563959956,3.311321743,3.984506595,2.154011311,3.211902113,1.002487432,4.283012871,0.001413909
,,4.423486413,17.03702346,4.353249642,15.92600545,,,,,,,4.010845384,11.64395685,4.072302558,10.59080436,,,4.686874305,8.010002095,,,,,,,4.599078341,3.311321743,4.01962498,2.154011311,3.247020499,0.99670088,4.318131257,-0.004372643
,,4.458604799,17.03702346,4.388368028,15.9433651,,,,,,,4.054743366,11.69024927,4.081082155,10.55608504,,,,,,,,,,,4.62541713,3.311321743,4.054743366,2.154011311,3.282138884,0.99670088,4.353249642,0.001413909
,,4.493723184,17.03702346,4.423486413,15.92600545,,,,,,,4.075229091,11.63624145,4.107420944,10.59080436,,,,,,,,,,,,,4.089861751,2.154011311,3.31725727,0.99670088,4.388368028,0.001413909
,,4.52884157,17.03702346,4.458604799,15.92600545,,,,,,,4.098641348,11.72496858,4.124980137,10.5618716,,,,,,,,,,,,,4.124980137,2.154011311,3.352375655,0.99670088,4.423486413,0.001413909
,,4.563959956,17.03702346,4.493723184,15.92600545,,,,,,,4.107420944,11.66710306,4.160098522,10.53293884,,,,,,,,,,,,,4.160098522,2.154011311,3.387494041,0.99670088,4.458604799,-0.004372643
,,4.599078341,17.03702346,4.52884157,15.92600545,,,,,,,4.098641348,11.64395685,4.195216908,10.51557918,,,,,,,,,,,,,4.195216908,2.154011311,3.422612427,0.99670088,4.493723184,0.001413909
,,4.634196727,17.03702346,4.563959956,15.92600545,,,,,,,4.11620054,11.60923754,4.230335293,10.49243297,,,,,,,,,,,,,4.230335293,2.154011311,3.457730812,0.99670088,4.52884157,0.001413909
,,4.660535516,17.03702346,4.599078341,15.92600545,,,,,,,4.142539329,11.6381703,4.265453679,10.49243297,,,,,,,,,,,,,4.265453679,2.154011311,3.492849198,1.019847088,4.563959956,0.001413909
,,,,4.634196727,15.92600545,,,,,,,4.177657715,11.61502409,4.300572064,10.48664642,,,,,,,,,,,,,4.300572064,2.154011311,3.527967583,1.002487432,4.599078341,-0.004372643
,,,,4.669315112,15.92600545,,,,,,,4.2127761,11.58030478,4.33569045,10.48664642,,,,,,,,,,,,,4.33569045,2.154011311,3.563085969,0.99670088,4.634196727,0.001413909
,,,,4.695653901,15.92600545,,,,,,,4.247894486,11.58609133,4.370808835,10.48664642,,,,,,,,,,,,,4.370808835,2.154011311,3.598204354,0.99670088,4.669315112,0.001413909
,,,,,,,,,,,,4.283012871,11.59187788,4.405927221,10.48664642,,,,,,,,,,,,,4.405927221,2.154011311,3.63332274,0.99670088,,
,,,,,,,,,,,,4.318131257,11.58030478,4.441045606,10.48664642,,,,,,,,,,,,,4.441045606,2.154011311,3.668441125,0.99670088,,
,,,,,,,,,,,,4.353249642,11.57451822,4.476163992,10.48664642,,,,,,,,,,,,,4.476163992,2.154011311,3.703559511,0.99670088,,
,,,,,,,,,,,,4.388368028,11.57451822,4.511282377,10.48664642,,,,,,,,,,,,,4.511282377,2.154011311,3.738677896,0.99670088,,
,,,,,,,,,,,,4.423486413,11.57451822,4.546400763,10.48664642,,,,,,,,,,,,,4.546400763,2.154011311,3.773796282,0.99670088,,
,,,,,,,,,,,,4.458604799,11.57451822,4.581519148,10.48664642,,,,,,,,,,,,,4.581519148,2.154011311,3.808914667,0.99670088,,
,,,,,,,,,,,,4.493723184,11.57451822,4.616637534,10.48664642,,,,,,,,,,,,,4.616637534,2.154011311,3.844033053,0.99670088,,
,,,,,,,,,,,,4.52884157,11.57451822,4.651755919,10.48664642,,,,,,,,,,,,,4.642976323,2.154011311,3.879151438,0.99670088,,
,,,,,,,,,,,,4.563959956,11.57451822,4.686874305,10.48664642,,,,,,,,,,,,,,,3.914269824,0.99670088,,
,,,,,,,,,,,,4.599078341,11.57451822,,,,,,,,,,,,,,,,,3.949388209,0.99670088,,
,,,,,,,,,,,,4.634196727,11.57451822,,,,,,,,,,,,,,,,,3.984506595,0.99670088,,
,,,,,,,,,,,,4.669315112,11.57451822,,,,,,,,,,,,,,,,,4.01962498,0.99670088,,
,,,,,,,,,,,,4.695653901,11.57451822,,,,,,,,,,,,,,,,,4.054743366,0.99670088,,
,,,,,,,,,,,,,,,,,,,,,,,,,,,,,,4.089861751,0.99670088,,
,,,,,,,,,,,,,,,,,,,,,,,,,,,,,,4.124980137,0.99670088,,
,,,,,,,,,,,,,,,,,,,,,,,,,,,,,,4.160098522,0.99670088,,
,,,,,,,,,,,,,,,,,,,,,,,,,,,,,,4.195216908,0.99670088,,
,,,,,,,,,,,,,,,,,,,,,,,,,,,,,,4.230335293,0.99670088,,
,,,,,,,,,,,,,,,,,,,,,,,,,,,,,,4.265453679,0.99670088,,
,,,,,,,,,,,,,,,,,,,,,,,,,,,,,,4.300572064,0.99670088,,
,,,,,,,,,,,,,,,,,,,,,,,,,,,,,,4.33569045,0.99670088,,
,,,,,,,,,,,,,,,,,,,,,,,,,,,,,,4.370808835,0.99670088,,
,,,,,,,,,,,,,,,,,,,,,,,,,,,,,,4.405927221,0.99670088,,
,,,,,,,,,,,,,,,,,,,,,,,,,,,,,,4.441045606,0.99670088,,
,,,,,,,,,,,,,,,,,,,,,,,,,,,,,,4.476163992,0.99670088,,
,,,,,,,,,,,,,,,,,,,,,,,,,,,,,,4.511282377,0.99670088,,
,,,,,,,,,,,,,,,,,,,,,,,,,,,,,,4.546400763,0.99670088,,
,,,,,,,,,,,,,,,,,,,,,,,,,,,,,,4.581519148,0.99670088,,
,,,,,,,,,,,,,,,,,,,,,,,,,,,,,,4.616637534,0.99670088,,
,,,,,,,,,,,,,,,,,,,,,,,,,,,,,,4.651755919,0.99670088,,
